socail cost carbon,MEC,social q agg,social cost agg,social q low,social q high,producer surplus,high cs,low cs,tax rev,percent consump high,percent consump low,welfare high,welfare low
75,2.89,492793,11.76,105545,372933,2186000,3617000,-811400,1424000,0.779415146,0.220584854,4726887.167,-497287.1672
100,3.86,474293,12.40,99727.3,360631,2025000,3383000,-1284000,1831000,0.783370257,0.216629743,4817350.941,-887350.9414
125,4.82,455944,13.03,94000,348520,1872000,3159000,-1712000,2198000,0.787580222,0.212419778,4890101.329,-1245101.329
150,5.78,437614,13.66,88272.7,336409,1724000,2943000,-2101000,2529000,0.792143857,0.207856143,4946331.815,-1575331.815
