socail cost carbon,MEC,social q agg,social cost agg,social q low,social q high,producer surplus,high cs,low cs,tax rev,percent consump high,percent consump low,welfare high,welfare low
75,2.89,492700,8.87,105500,372900,21860,36170,-8115,1423903,0.779473244,0.220526756,1146064.29,305893.60
100,3.86,474270,8.54,99760,360700,20240,33840,-12830,1830682,0.783347088,0.216652912,1467899.57,383792.63
125,4.82,455900,8.21,94030,348600,18710,31600,-17110,2197438,0.787565235,0.212434765,1762225.78,449702.22
150,5.78,437600,7.88,88300,336400,17240,29440,-21010,2529328,0.792088533,0.207911467,2032891.71,504866.29
